{
    "name": "E1-Reading",
    "types": "passage",
    "passageArray": [
        {
            "note": "",
            "passage": "",
            "questions": [
                {
                    "question": "What according to the article leads to pre-release tensions for film makers?",
                    "options": [
                        "=Ban or cuts in the movie",
                        "~Postponement of release date",
                        "~Unavailability of celebrities for the release function",
                        "~Final recording of songs in the movie"
                    ],
                    "id": "1",
                    "answer": "Ban or cuts in the movie",
                    "practicelinks": []
                },
                {
                    "question": "Who is the present director of Central Board of Film Certification?",
                    "options": [
                        "~Sangeeta Bijlani",
                        "~Vimal Vadhvani",
                        "=Pahlaj Nihalani",
                        "~Arun Goel"
                    ],
                    "id": "2",
                    "answer": Pahlaj Nihalani",
                    "practicelinks": []
                },
                {
                    "question": "What did the revision committee do to the number of cuts in the movie Indu Sarkar?",
                    "options": [
                        "~Increased",
                        "=Decreased",
                        "~Postponed its decision",
                        "~None of the above"
                    ],
                    "id": "3",
                    "answer": "Decreased",
                    "practicelinks": []
                },
                {
                    "question": "Bombay high court advised that CBFC should suggest changes and cuts in accordance with",
                    "options": [
                        "~Producers' suggestions",
                        "=Constitutional principles",
                        "~Directors' suggestions",
                        "~Film distributors' suggestions"
                    ],
                    "id": "4",
                    "answer": "Constitutional principles",
                    "practicelinks": []
                },
                {
                    "question": "Apart from being a certifying authority CBFC sees itself as a",
                    "options": [
                        "~law enforcing system",
                        "~guardian of public interests",
                        "~guardian of media opinions",
                        "=censor authority"
                    ],
                    "id": "5",
                    "answer": "censor authority",
                    "practicelinks": []
                },
                {
                    "question": "Why was the film ' Lipstick Under My Burkha' not given a certificate by CBFC",
                    "options": [
                        "~Film had many scenes which were violent",
                        "~Film represents a lot of male dominance",
                        "~Film was depicting drug addiction in youth",
                        "=Film was too lady oriented"
                    ],
                    "id": "6",
                    "answer": "Film was too lady oriented",
                    "practicelinks": []
                },
                {
                    "question": "The instances mentioned in the article demonstrate that challenges come",
                    "options": [
                        "~only from outside the system",
                        "~from with in systemic framework",
                        "=both from systemic framework and outside",
                        "~from media"
                    ],
                    "id": "7",
                    "answer": "both from systemic framework and outside",
                    "practicelinks": []
                }
            ]
        }
    ]
}
