{
    "name": "E3: Speaking",
    "questions": [
        {
            "question": "Listen To: <br><audio controls src=\"/json/audio1.mp3\"> Your browser does not support the audio tag. </audio><br><br>What additional benefits of demonetization do you perceive? Give a detailed explanation of at least one. Do not include the benefits already discussed.<br><div id='recorder'></div>",
            "options": [],
            "id": "201"
        }
    ],
    "note": "Speak for about one to two minutes into the recording tool provided on the desktop on the following subject. You might want to prepare notes for a minute and get started.",
    "types": "record"
}
