{
    "name": "E1-Reading",
    "types": "passage",
    "passageArray": [
        {
            "note": "",
            "passage": "",
            "questions": [
                {
                    "question": "According to the author, no-detention policy in schools has been instituted to",
                    "options": [
                      "~Promote mid-day meal programme",
                      "~Promote students from school to another",
                      "=Arrest school dropouts",
                      "~Encourage e-learning in schools"
                    ],
                    "id": "1",
                    "answer": "Arrest school dropouts",
                    "practicelinks": []
                },
                {
                    "question": "_______________ should be blamed for lower learning outcomes",
                    "options": [
                      "~Students",
                      "=Poor quality of teaching",
                      "~Infrastructure in schools",
                      "~Education policies"
                    ],
                    "id": "2",
                    "answer": "Poor quality of teaching",
                    "practicelinks": []
                },
                {
                    "question": "Which set of students can overcome the pass-fail system through out of school tuition?",
                    "options": [
                      "~Students from economically well off backgrounds",
                      "=Students from economically marginalized communities",
                      "~Students of primary school",
                      "~Students of middle school"
                    ],
                    "id": "3",
                    "answer": "Students from economically well off backgrounds",
                    "practicelinks": []
                },
                {
                    "question": "According to the author, reversal of no-detention policy in the foundational years of schooling would",
                    "options": [
                      "~Increase dropouts from school",
                      "=Decrease dropouts from school",
                      "~Improve facilities of school",
                      "~Damage student- teacher relationship"
                    ],
                    "id": "4",
                    "answer": "Decrease dropouts from school",
                    "practicelinks": []
                },
                {
                    "question": "Education is seen as a tool to disburse patronage by",
                    "options": [
                      "~Teachers",
                      "~Students",
                      "=Politicians",
                      "~Parents"
                    ],
                    "id": "5",
                    "answer": "Politicians",
                    "practicelinks": []
                },
                {
                    "question": "Real solution to economically disadvantaged students is",
                    "options": [
                      "~Improving quality of education",
                      "~Improving access to education",
                      "~Improving educational infrastructure",
                      "=All of the above"
                    ],
                    "id": "6",
                    "answer": "All of the above",
                    "practicelinks": []
                }
            ]
        }
    ]
}
