{
    "name": "E2-Listening",
    "types": "video",
    "note": "",
    "videoArray": [
        {
            "link": "",
            "questions": [
                {
                    "question": "What are the implications of Brexit for immigration to Britain?",
                    "options": [
                      "~Free movement rules of the EU are no longer applicable to Britain",
                      "~New rules to manage migration would be in place by Spring 2019",
                      "~UK is to remain a hub for International talent",
                      "=Only A & B"
                    ],
                    "id": "101",
                    "answer": "00:15 – 00:50",
                    "practicelinks": []
                },
                {
                    "question": "Norman Smith expresses that the general opinion seems to be that",
                    "options": [
                      "~It is a little late in the day to wonder about the importance of migration for Britain",
                      "~It is too late to think about the impact of migration as the Government has already drawn up its immigration bills",
                      "~There seems to be a confusion about the language that the Home Office Minister & the Immigration Minister have been using",
                      "=All of the above"
                    ],
                    "id": "102",
                    "answer": "00:57 – 1:40",
                    "practicelinks": []
                },
                {
                    "question": "Norman Smith says that",
                    "options": [
                      "~Amber Rudd seems to be saying she wants to have a more gradual phased approach to any new rules on immigration",
                      "~Immigration Minister Brendan Lewis seems to have been adopting a much tougher approach saying freedom of movement will definitely end in March 2019",
                      "~The statements support each other",
                      "=The Statements contradict each other"
                    ],
                    "id": "103",
                    "answer": "1:40 – 2:17",
                    "practicelinks": []
                },
                {
                    "question": "The entire announcement of the new immigration rules was mismanaged because",
                    "options": [
                      "=Some of the Senior Ministers seem to have been left out of the loop and caught unawares",
                      "~The rules were not communicated to the Immigration personnel at entry points into the country",
                      "~The rules were never published",
                      "~None of the above"
                    ],
                    "id": "104",
                    "answer": "2:35 – 3:10",
                    "practicelinks": []
                },
                {
                    "question": "Diane Abbott insists that the new Immigration bill",
                    "options": [
                      "~Should not be published until the Commission has completed the report",
                      "~Is dependent on the Government realising that there are many key areas of industry and social institutions that are dependent on the EU migrants",
                      "=Both A & B",
                      "~Neither A nor B"
                    ],
                    "id": "105",
                    "answer": "3:11 – 3:50",
                    "practicelinks": []
                },
                {
                    "question": "Amber Rudd is",
                    "options": [
                      "~Desperate for business to have a bigger role in shaping the immigration system",
                      "~Worried that many in business feel kept out of the loop",
                      "~Worried that time is running out because businesses have to make investment decisions based on the immigration system",
                      "=All of the above"
                    ],
                    "id": "106",
                    "answer": "4:23 – 4:55",
                    "practicelinks": []
                }
            ]
        }
    ]
}
