{
    "name": "E4: Writing",
    "questions": [
        {
            "question": "Write a summary of what you read in the Reading Comprehension Task. You have 5 minutes for this task.",
            "options": [],
            "id": "301"
        },
        {
            "question": "Write a summary of what you heard in the Listening Comprehension Task. You have 5 minutes for this task.",
            "options": [],
            "id": "302"
        }
    ],
    "types": "essay",
    "note": "Write the essay here"
}
