{
    "name": "English Comprehension Test",
    "section": [
        {
            "name": "Listening Section",
            "subsection": [
                {
                    "name": "E2-Listening",
                    "count": "6",
                    "questions": [],
                    "note": "Listen to the video given and answer the following questions:",
                    "types": "video"
                }
            ]
        },
        {
            "name": "Speaking Section",
            "subsection": [
                {
                    "name": "E3-Speaking",
                    "count": "1",
                    "questions": [],
                    "types": "record",
                    "note": ""
                }
            ]
        },
        {
            "name": "Reading Section",
            "subsection": [
                {
                    "name": "E1-Reading",
                    "count": "6",
                    "questions": [],
                    "note": "Read the following passage and answer the questions",
                    "types": "passage"
                }
            ]
        },
        {
            "name": "Writing Section",
            "subsection": [
                {
                    "name": "E4-Writing",
                    "count": "1",
                    "questions": [],
                    "types": "essay",
                    "note": "Write the essay here"
                }
            ]
        }
    ]

}
